{"cameraMode":{"drawMode":0,"name":"Shaded","section":"Shading Mode"},"sceneLighting":false,"audioPlay":false,"sceneViewState":{"m_AlwaysRefresh":true,"showFog":true,"showSkybox":true,"showFlares":true,"showImageEffects":true,"showParticleSystems":true,"showVisualEffectGraphs":true,"m_FxEnabled":true},"in2DMode":false,"pivot":{"x":29.487092971801759,"y":-14.092691421508789,"z":1.230006217956543},"rotation":{"x":-0.05126982182264328,"y":0.026059690862894059,"z":-0.0013371744425967336,"w":-0.998347282409668},"size":5.259934425354004,"orthographic":false}